{
	"partitions" : [
		{
			"name" : "Top",
			"pins" : [
				{
					"name" : "data_out[0]",
					"strict" : false
				},
				{
					"name" : "data_out[1]",
					"strict" : false
				},
				{
					"name" : "data_out[2]",
					"strict" : false
				},
				{
					"name" : "data_out[3]",
					"strict" : false
				},
				{
					"name" : "data_out[4]",
					"strict" : false
				},
				{
					"name" : "data_out[5]",
					"strict" : false
				},
				{
					"name" : "data_out[6]",
					"strict" : false
				},
				{
					"name" : "data_out[7]",
					"strict" : false
				},
				{
					"name" : "data_ready",
					"strict" : false
				},
				{
					"name" : "tx",
					"strict" : false
				},
				{
					"name" : "aclk_out",
					"strict" : false
				},
				{
					"name" : "nrst",
					"strict" : false
				},
				{
					"name" : "data_in[2]",
					"strict" : false
				},
				{
					"name" : "data_in[1]",
					"strict" : false
				},
				{
					"name" : "data_in[0]",
					"strict" : false
				},
				{
					"name" : "data_in[3]",
					"strict" : false
				},
				{
					"name" : "start",
					"strict" : false
				},
				{
					"name" : "data_in[5]",
					"strict" : false
				},
				{
					"name" : "data_in[6]",
					"strict" : false
				},
				{
					"name" : "data_in[4]",
					"strict" : false
				},
				{
					"name" : "data_in[7]",
					"strict" : false
				},
				{
					"name" : "buad[1]",
					"strict" : false
				},
				{
					"name" : "buad[0]",
					"strict" : false
				},
				{
					"name" : "buad[2]",
					"strict" : false
				},
				{
					"name" : "buad[3]",
					"strict" : false
				},
				{
					"name" : "buad[4]",
					"strict" : false
				},
				{
					"name" : "buad[5]",
					"strict" : false
				},
				{
					"name" : "buad[6]",
					"strict" : false
				},
				{
					"name" : "buad[7]",
					"strict" : false
				},
				{
					"name" : "clk",
					"strict" : false
				},
				{
					"name" : "rx",
					"strict" : false
				}
			]
		}
	]
}